"163442","9","Enter","163494"
"163776","9","Enter","163789"
"164013","9","Enter","164103"
"164283","9","Enter","164373"
"164599","9","Enter","164649"
"164845","9","Enter","164937"
"165117","9","Enter","165208"
"165407","9","Enter","165502"
"165702","9","Enter","165792"
"166049","9","Enter","166061"
"166264","9","Enter","166355"
"166556","9","Enter","166624"
"166849","9","Enter","166939"
"167140","9","Enter","167230"
"167432","9","Enter","167522"
"167805","9","Enter","167839"
"168086","9","Enter","168153"
"168410","9","Enter","168466"
